<?xml version="1.0" encoding="UTF-8"?>
<project-private xmlns="http://www.netbeans.org/ns/project-private/1">
    <editor-bookmarks xmlns="http://www.netbeans.org/ns/editor-bookmarks/2" lastBookmarkId="0"/>
    <open-files xmlns="http://www.netbeans.org/ns/projectui-open-files/2">
        <group>
            <file>file:/C:/Users/aryah/Documents/NetBeansProjects/tubesPBO/src/tubespbo/Main.java</file>
            <file>file:/C:/Users/aryah/Documents/NetBeansProjects/tubesPBO/src/tubespbo/CekResi.java</file>
            <file>file:/C:/Users/aryah/Documents/NetBeansProjects/tubesPBO/src/tubespbo/MainAdmin.java</file>
            <file>file:/C:/Users/aryah/Documents/NetBeansProjects/tubesPBO/src/tubespbo/Pembayaran.java</file>
            <file>file:/C:/Users/aryah/Documents/NetBeansProjects/tubesPBO/src/tubespbo/MainKurir.java</file>
            <file>file:/C:/Users/aryah/Documents/NetBeansProjects/tubesPBO/src/tubespbo/login.java</file>
            <file>file:/C:/Users/aryah/Documents/NetBeansProjects/tubesPBO/src/tubespbo/Pengiriman.java</file>
            <file>file:/C:/Users/aryah/Documents/NetBeansProjects/tubesPBO/src/tubespbo/database.java</file>
            <file>file:/C:/Users/aryah/Documents/NetBeansProjects/tubesPBO/src/tubespbo/Customer.java</file>
            <file>file:/C:/Users/aryah/Documents/NetBeansProjects/tubesPBO/src/tubespbo/Barang.java</file>
            <file>file:/C:/Users/aryah/Documents/NetBeansProjects/tubesPBO/src/tubespbo/cetakresi.java</file>
            <file>file:/C:/Users/aryah/Documents/NetBeansProjects/tubesPBO/src/tubespbo/SortirDanCetak.java</file>
        </group>
    </open-files>
</project-private>
